{
    "name": "ds_bronze",
    "properties": {
        "linkedServiceName": {
            "referenceName": "ls_datalake",
            "type": "LinkedServiceReference"
        },
        "annotations": [],
        "type": "Parquet",
        "typeProperties": {
            "location": {
                "type": "AzureBlobFSLocation",
                "folderPath": "rawdata",
                "fileSystem": "bronze"
            },
            "compressionCodec": "snappy"
        },
        "schema": []
    },
    "type": "Microsoft.DataFactory/factories/datasets"
}