{
    "now": "2025-03-05T20:22:15.188Z",
    "perfNow": 2030002.2999999523,
    "diagnosticCorrelation": "2392b8ab-777e-41d1-8749-0e4e0621cea0",
    "source": "DownloadSupportFiles",
    "environment": {
        "productName": "adf",
        "buildVersion": "1.0.022125.7",
        "environmentType": 3,
        "resourceName": "adf-cars-dobby",
        "resourceRegion": "uksouth",
        "resourceGroup": "Azure_Car_Project",
        "subscriptionId": "bf77c30a-427e-46ff-b61d-a51fa529b21e",
        "sessionId": "XyyUYTDSO1qHk9chogMhNU",
        "operationId": "",
        "gitType": "live",
        "loggingKey": "c6321326-f470-4dec-a882-5de1283fc974"
    },
    "additionalInfo": {
        "selectedResource": "increm_data_pipeline",
        "selectedResourceType": "pipeline"
    }
}