{
    "now": "2025-03-05T21:04:06.451Z",
    "perfNow": 4542537.100000143,
    "diagnosticCorrelation": "e7f05cfc-d208-4679-a463-dcf21e21581c",
    "source": "DownloadSupportFiles",
    "environment": {
        "productName": "adf",
        "buildVersion": "1.0.022125.7",
        "environmentType": 3,
        "resourceName": "adf-cars-dobby",
        "resourceRegion": "uksouth",
        "resourceGroup": "Azure_Car_Project",
        "subscriptionId": "bf77c30a-427e-46ff-b61d-a51fa529b21e",
        "sessionId": "XyyUYTDSO1qHk9chogMhNU",
        "operationId": "",
        "gitType": "live",
        "loggingKey": "c6321326-f470-4dec-a882-5de1283fc974"
    },
    "additionalInfo": {
        "selectedResource": "sourceprep",
        "selectedResourceType": "pipeline"
    }
}